{"schemaVersion":"1.0","appDefinitionTemplate":{"id":"/providers/Microsoft.PowerApps/apps/","type":"Microsoft.PowerApps/apps","tags":{"sp-site-id":"https://is4itgmbh.sharepoint.com/sites/JHTesting","sp-list-id":"ddc88816-9f8e-4fc8-b258-1ddd3e31c73d","https://is4itgmbh.sharepoint.com/sites/JHTesting":"ddc88816-9f8e-4fc8-b258-1ddd3e31c73d","primaryDeviceWidth":"640","primaryDeviceHeight":"1136","sienaVersion":"20210630T162313Z-3.21063.25.0","deviceCapabilities":"","supportsPortrait":"true","supportsLandscape":"true","primaryFormFactor":"Phone","publisherVersion":"3.21062.38","minimumRequiredApiVersion":"2.2.0","hasComponent":"false","hasUnlockedComponent":"false","isUnifiedRootApp":"false"},"properties":{"appVersion":"2021-06-30T16:23:13Z","lifeCycleId":"Published","createdByClientVersion":{"major":3,"minor":21062,"build":38,"revision":0,"majorRevision":0,"minorRevision":0},"minClientVersion":{"major":3,"minor":21062,"build":38,"revision":0,"majorRevision":0,"minorRevision":0},"backgroundColor":"rgba(0, 176, 240, 1)","backgroundImageUri":"/8522142278241974519/N8e66931a-ee84-4766-8363-0058a3e3fb01-logoSmallFile","displayName":"Evaluation and Recommendation Tool","description":"","commitMessage":"","appUris":{"documentUri":{"value":"/8522142278241974519/Nb7fb012b-1aee-4164-b502-7c565427d843-document.msapp"},"imageUris":[]},"createdTime":"0001-01-01T00:00:00Z","lastModifiedTime":"0001-01-01T00:00:00Z","sharedGroupsCount":0,"sharedUsersCount":0,"icons":{"smallIconUri":"/8522142278241974519/Neafaf1d3-c31f-46ac-9b1c-b8b34288f58a-small.png","mediumIconUri":"/8522142278241974519/N10c9a7ce-66ec-460c-a776-c581ab0aa920-medium.png","largeIconUri":"/8522142278241974519/Na6993e16-bc56-45b9-b85c-a55ccebb27de-large.png","wideIconUri":"/8522142278241974519/Nfca5f9f9-9abb-4946-9712-5564a42ac291-wide.png"},"connectionReferences":{"a1ac0bf9-b1e9-496d-9317-bf700d8fd62e":{"id":"b408280b-ad33-4653-a979-726ea57794de","displayName":"SharePoint","iconUri":"https://connectoricons-prod.azureedge.net/releases/v1.0.1472/1.0.1472.2427/sharepointonline/icon.png","dataSources":["Evaluation and Recommendation Tool","Documents"],"dependencies":[],"dependents":[],"parameterHints":{},"isOnPremiseConnection":false,"bypassConsent":false,"dataSets":{"https://is4itgmbh.sharepoint.com/sites/JHTesting":{"dataSources":{"Evaluation and Recommendation Tool":{"tableName":"ddc88816-9f8e-4fc8-b258-1ddd3e31c73d"},"Documents":{"tableName":"c681914e-1475-4624-8cb8-2a1bf15da989"}}}},"apiTier":"Standard","isCustomApiConnection":false}},"databaseReferences":{},"almMode":"Environment","performanceOptimizationEnabled":true,"canConsumeAppPass":true,"executionRestrictions":{"isTeamsOnly":false,"dataLossPreventionEvaluationResult":{"status":"Compliant","lastEvaluationDate":"2021-06-28T09:27:57.022362Z","violations":[],"violationsByPolicy":[],"violationErrorMessage":"The app uses the following connectors: shared_sharepointonline."}}},"appType":"ClassicCanvasApp","appComponents":[]}}